363.7013449893179,0 4 1 9 5 3 6 2 7 8 0
363.7013449893179,0 4 1 9 5 3 6 2 7 8 0
363.7013449893179,0 4 1 9 5 3 6 2 7 8 0
363.7013449893179,0 4 1 9 5 3 6 2 7 8 0
363.7013449893179,0 4 1 9 5 3 6 2 7 8 0
363.7013449893179,0 4 1 9 5 3 6 2 7 8 0
363.7013449893179,0 4 1 9 5 3 6 2 7 8 0
363.7013449893179,0 4 1 9 5 3 6 2 7 8 0
363.7013449893179,0 4 1 9 5 3 6 2 7 8 0
363.7013449893179,0 4 1 9 5 3 6 2 7 8 0
363.7013449893179,0 4 1 9 5 3 6 2 7 8 0
363.7013449893179,0 4 1 9 5 3 6 2 7 8 0
363.7013449893179,0 4 1 9 5 3 6 2 7 8 0
360.0887344777024,0 4 9 7 1 5 3 6 8 2 0
360.0887344777024,0 4 9 7 1 5 3 6 8 2 0
360.0887344777024,0 4 9 7 1 5 3 6 8 2 0
360.0887344777024,0 4 9 7 1 5 3 6 8 2 0
360.0887344777024,0 4 9 7 1 5 3 6 8 2 0
360.0887344777024,0 4 9 7 1 5 3 6 8 2 0
342.2944446038057,0 2 4 6 3 5 1 9 7 8 0
342.2944446038057,0 2 4 6 3 5 1 9 7 8 0
342.2944446038057,0 2 4 6 3 5 1 9 7 8 0
342.2944446038057,0 2 4 6 3 5 1 9 7 8 0
335.33224932826886,0 8 2 4 9 1 7 5 3 6 0
335.33224932826886,0 8 2 4 9 1 7 5 3 6 0
335.33224932826886,0 8 2 4 9 1 7 5 3 6 0
335.33224932826886,0 8 2 4 9 1 7 5 3 6 0
335.33224932826886,0 8 2 4 9 1 7 5 3 6 0
335.33224932826886,0 8 2 4 9 1 7 5 3 6 0
335.33224932826886,0 8 2 4 9 1 7 5 3 6 0
335.33224932826886,0 8 2 4 9 1 7 5 3 6 0
335.33224932826886,0 8 2 4 9 1 7 5 3 6 0
335.33224932826886,0 8 2 4 9 1 7 5 3 6 0
335.33224932826886,0 8 2 4 9 1 7 5 3 6 0
334.56153865879935,0 2 4 7 1 9 6 3 5 8 0
334.56153865879935,0 2 4 7 1 9 6 3 5 8 0
334.56153865879935,0 2 4 7 1 9 6 3 5 8 0
334.56153865879935,0 2 4 7 1 9 6 3 5 8 0
334.56153865879935,0 2 4 7 1 9 6 3 5 8 0
334.56153865879935,0 2 4 7 1 9 6 3 5 8 0
334.56153865879935,0 2 4 7 1 9 6 3 5 8 0
334.56153865879935,0 2 4 7 1 9 6 3 5 8 0
287.48290318389616,0 2 4 7 1 9 5 3 6 8 0
287.48290318389616,0 2 4 7 1 9 5 3 6 8 0
287.48290318389616,0 2 4 7 1 9 5 3 6 8 0
287.48290318389616,0 2 4 7 1 9 5 3 6 8 0
287.48290318389616,0 2 4 7 1 9 5 3 6 8 0
287.48290318389616,0 2 4 7 1 9 5 3 6 8 0
287.48290318389616,0 2 4 7 1 9 5 3 6 8 0
287.48290318389616,0 2 4 7 1 9 5 3 6 8 0
287.48290318389616,0 2 4 7 1 9 5 3 6 8 0
287.48290318389616,0 2 4 7 1 9 5 3 6 8 0
287.48290318389616,0 2 4 7 1 9 5 3 6 8 0
287.48290318389616,0 2 4 7 1 9 5 3 6 8 0
287.48290318389616,0 2 4 7 1 9 5 3 6 8 0
287.48290318389616,0 2 4 7 1 9 5 3 6 8 0
287.48290318389616,0 2 4 7 1 9 5 3 6 8 0
287.48290318389616,0 2 4 7 1 9 5 3 6 8 0
287.48290318389616,0 2 4 7 1 9 5 3 6 8 0
287.48290318389616,0 2 4 7 1 9 5 3 6 8 0